{"cameraMode":{"drawMode":0,"name":"Shaded","section":"Shading Mode"},"sceneLighting":true,"audioPlay":false,"sceneViewState":{"showFog":true,"showMaterialUpdate":false,"showSkybox":true,"showFlares":true,"showImageEffects":true,"showParticleSystems":true},"in2DMode":false,"pivot":{"x":-5.175121307373047,"y":5.344148635864258,"z":-15.531676292419434},"rotation":{"x":-0.018578413873910905,"y":0.9794921278953552,"z":-0.16945748031139375,"w":-0.10738695412874222},"size":30.054340362548829,"orthographic":false}